Timestamp,Detected Item,Health Status,Confidence,Suggested Action
6/15/2025 16:57,Strawberry,✅ Healthy,100.00%,💡 Suggested Action: Keep in storage.
6/15/2025 16:57,Strawberry,✅ Healthy,100.00%,💡 Suggested Action: Keep in storage.
2025-06-15 17:22:43,Strawberry,✅ Healthy,100.00%,💡 Suggested Action: Keep in storage.
2025-06-16 16:11:11,Banana,✅ Healthy,93.59%,💡 Suggested Action: Keep in storage.
2025-12-30 17:42:02,Mango,✅ Healthy,100.00%,💡 Suggested Action: Keep in storage.
